Month,AvgTmax,AvgTmin,TotalRainfall,AvgHumidity
Dec,25.266666666666666,8.533333333333333,1,59.333333333333336
Nov,26.018181818181816,10.018181818181818,10,61.0
